HUB,0.0,,,,,,,,,,,,,,,,,,,,,,,,,
100 Pine St,2.4,0.0,,,,,,,,,,,,,,,,,,,,,,,,
250 Oak Ave,3.0,1.7,0.0,,,,,,,,,,,,,,,,,,,,,,,
75 Market St,3.9,1.6,2.2,0.0,,,,,,,,,,,,,,,,,,,,,,
410 Cedar Blvd,5.1,3.1,2.0,2.3,0.0,,,,,,,,,,,,,,,,,,,,,
880 Lake Dr,5.0,3.9,2.4,4.0,2.4,0.0,,,,,,,,,,,,,,,,,,,,
320 Hill Rd,5.1,2.9,3.1,1.4,2.3,4.6,0.0,,,,,,,,,,,,,,,,,,,
1400 River Pkwy,7.0,5.0,4.0,4.1,2.1,3.2,3.6,0.0,,,,,,,,,,,,,,,,,,
615 Birch Ln,6.1,3.8,3.7,2.3,2.4,4.6,1.2,3.0,0.0,,,,,,,,,,,,,,,,,
45 Sunset Ave,6.7,5.4,3.9,5.1,2.9,1.9,5.2,2.4,4.9,0.0,,,,,,,,,,,,,,,,
960 Garden St,7.8,5.7,5.0,4.3,3.0,4.8,3.3,1.9,2.4,4.2,0.0,,,,,,,,,,,,,,,
205 Harbor Rd,8.5,6.6,5.5,5.7,3.5,4.1,5.1,1.6,4.4,2.6,2.5,0.0,,,,,,,,,,,,,,
730 Willow Ct,5.9,3.9,4.6,2.5,4.1,6.2,1.8,5.2,2.4,6.9,4.5,6.7,0.0,,,,,,,,,,,,,
111 Central Ave,8.1,5.9,5.6,4.4,3.8,5.9,3.1,3.3,2.1,5.6,1.6,4.0,3.6,0.0,,,,,,,,,,,,
525 Maple St,10.1,8.0,7.1,6.7,5.1,6.1,5.9,3.2,4.8,4.8,2.6,2.3,6.9,3.6,0.0,,,,,,,,,,,
390 Valley Rd,8.2,6.0,6.4,4.5,5.1,7.3,3.3,5.1,2.8,7.3,3.6,6.1,2.7,2.1,5.5,0.0,,,,,,,,,,
815 Spruce Ave,10.2,8.0,7.5,6.5,5.6,7.5,5.2,4.4,4.2,6.7,2.7,4.4,5.6,2.2,2.9,3.4,0.0,,,,,,,,,
160 Park Blvd,9.2,7.7,6.3,7.1,4.9,4.2,6.8,3.3,6.3,2.4,4.5,2.2,8.5,6.1,3.9,8.2,6.4,0.0,,,,,,,,
1220 Mission St,9.8,7.9,6.8,7.1,5.0,5.5,6.3,3.0,5.4,3.9,3.2,1.5,7.7,4.6,1.6,6.5,4.3,2.5,0.0,,,,,,,
455 Union St,9.3,7.3,7.8,5.9,6.7,9.0,4.7,6.9,4.5,9.2,5.4,7.9,3.6,3.9,7.2,2.0,4.7,10.0,8.4,0.0,,,,,,
900 Cherry Ln,10.5,8.3,8.4,6.8,6.7,8.7,5.6,6.0,4.7,8.2,4.2,6.3,5.2,2.9,4.8,2.5,2.1,8.3,6.2,3.2,0.0,,,,,
275 Meadow Ave,12.0,9.7,9.3,8.2,7.3,8.8,7.1,5.8,5.9,7.7,4.3,5.3,7.5,4.0,3.1,5.0,1.9,7.0,4.5,6.2,3.0,0.0,,,,
640 Ridge Rd,12.4,10.3,9.5,9.0,7.5,8.4,8.1,5.6,7.0,7.0,4.8,4.5,8.9,5.4,2.4,7.0,3.8,5.4,3.2,8.3,5.5,2.7,0.0,,,
33 Plaza Dr,11.0,9.3,8.0,8.4,6.4,6.3,8.0,4.5,7.1,4.6,5.0,2.9,9.3,6.4,3.0,8.3,5.9,2.3,1.8,10.2,7.8,5.8,3.8,0.0,,
1500 Cypress St,13.5,11.2,10.6,9.9,8.7,9.9,8.7,6.9,7.6,8.6,5.7,6.1,9.2,5.7,3.8,6.8,3.6,7.4,4.9,7.9,4.7,1.8,2.1,5.7,0.0,
710 Station Ave,11.3,9.0,9.1,7.5,7.8,9.9,6.3,7.3,5.5,9.5,5.5,7.8,5.5,4.0,6.3,3.1,3.6,9.8,7.7,2.6,1.6,4.2,6.8,9.3,5.8,0.0
